{"cameraMode":{"drawMode":0,"name":"Shaded","section":"Shading Mode"},"sceneLighting":false,"audioPlay":false,"sceneViewState":{"m_AlwaysRefresh":false,"showFog":true,"showSkybox":false,"showFlares":true,"showImageEffects":true,"showParticleSystems":true,"showVisualEffectGraphs":true,"m_FxEnabled":true},"in2DMode":false,"pivot":{"x":0.8800495266914368,"y":4.360611438751221,"z":-1.503645420074463},"rotation":{"x":-0.4150104522705078,"y":0.024019064381718637,"z":-0.010969101451337338,"w":-0.9094557762145996},"size":3.3492953777313234,"orthographic":false}