{"cameraMode":{"drawMode":0,"name":"Shaded","section":"Shading Mode"},"sceneLighting":false,"audioPlay":false,"sceneViewState":{"m_AlwaysRefresh":false,"showFog":true,"showSkybox":false,"showFlares":true,"showImageEffects":true,"showParticleSystems":true,"showVisualEffectGraphs":true,"m_FxEnabled":true},"in2DMode":false,"pivot":{"x":0.26139089465141299,"y":-5.6859822273254398,"z":5.855668544769287},"rotation":{"x":0.26876306533813479,"y":0.005475816782563925,"z":-0.0015257804188877345,"w":0.9632272124290466},"size":7.077969551086426,"orthographic":false}