{"cameraMode":{"drawMode":0,"name":"Shaded","section":"Shading Mode"},"sceneLighting":false,"audioPlay":false,"sceneViewState":{"m_AlwaysRefresh":false,"showFog":true,"showSkybox":false,"showFlares":true,"showImageEffects":true,"showParticleSystems":true,"showVisualEffectGraphs":true,"m_FxEnabled":true},"in2DMode":false,"pivot":{"x":-0.10408750176429749,"y":-4.296333312988281,"z":2.628005266189575},"rotation":{"x":0.3945607542991638,"y":0.010736729018390179,"z":-0.004609278868883848,"w":0.9188340306282044},"size":7.077969551086426,"orthographic":false}